{
    "intents": [
        {
            "tag": "greeting",
            "patterns": [
                "Hello", "Hi","hiiiii","hellooooo","helloo", "Hey", "Good day", "Hi there", "Hey there",
                "Greetings", "Howdy", "What's up?", "Hello there", "Salutations",
                "What's new?", "Nice to see you", "How's it going?", "Good morning",
                "Good afternoon", "Good evening", "What's happening?", "Hiya"
            ],
            "responses": [
                "“A warm hello can lift any spirit!”",
                "“Every new conversation is a chance to find new light.”",
                "“A simple hello can make a big difference.”",
                "“Hello! May this chat bring you peace and comfort.”",
                "“Hello! Remember, each day brings new possibilities.”",
                "Every day is a fresh start, a new beginning.",
                "“Hello! Here’s to a great conversation ahead!”",
                "“A smile is the shortest distance between two people.”",
                "“Hello! Let’s make today a good one.”"
            ]
        },
        {
            "tag": "stress_help",
            "patterns": [
                "I'm feeling stressed", "I need help with stress", "I'm overwhelmed",
                "How do I deal with stress?", "I'm under pressure", "I feel so tense",
                "I can't relax", "I'm freaking out", "Help me calm down",
                "Feeling so stressed", "I'm anxious about everything", "It's too much",
                "I can't handle this", "I'm burnt out", "I'm stressed out",
                "What should I do when stressed?"
            ],
            "responses": [
                "“Stress is just a storm; every storm passes eventually.”",
                "Calmness is the cradle of power.",
                "Sometimes, the most productive thing you can do is relax.",
                "This too shall pass.",
                "Your peace is more important than anything else.",
                "The greatest weapon against stress is our ability to choose one thought over another.",
                "Stress is caused by being ‘here’ but wanting to be ‘there.’",
                "Take a deep breath. It’s just a bad day, not a bad life.",
                "In the middle of difficulty lies opportunity."
            ]
        },
        {
            "tag": "anxiety",
            "patterns": [
                "I feel anxious", "I have anxiety", "How do I handle anxiety?",
                "I'm really nervous", "Feeling anxious", "I'm panicking", "I'm worried",
                "I can't stop worrying", "I feel uneasy", "Anxiety tips",
                "What can I do about my anxiety?", "I'm having anxiety attacks",
                "I feel restless", "I'm anxious about the future", "I can't breathe",
                "I'm overwhelmed by anxiety"
            ],
            "responses": [
                "“Anxiety does not empty tomorrow of its sorrows, but only empties today of its strength.”",
                "You don’t have to control your thoughts. Just stop letting them control you.",
                "Anxiety is the dizziness of freedom.",
                "Anxiety is a wave, and like waves, it comes and goes.",
                "Keep breathing. You’re handling this one step at a time.",
                "Worry often gives a small thing a big shadow.",
                "The mind is its own place and in itself can make a heaven of hell, a hell of heaven.",
                "You are stronger than your anxiety.",
                "Every time you are tempted to react in the same old way, ask yourself if you want to be a prisoner of the past or a pioneer of the future."
            ]
        },
        {
            "tag": "self_care",
            "patterns": [
                "I need self-care tips", "How do I take care of myself?",
                "I feel drained", "What are self-care activities?", "I need time for myself",
                "How to relax?", "I'm exhausted", "Taking care of myself", "Self-love tips",
                "I need to recharge", "What should I do for self-care?",
                "I don't have time for myself", "Help me with self-care", "I'm feeling burnt out",
                "I need to unwind", "How to practice self-care?"
            ],
            "responses": [
                "Self-care is not a luxury; it’s a necessity.",
                "Taking care of yourself doesn’t mean me first, it means me too.",
                "Sometimes the most important thing you can do is take a break.",
                "You can’t pour from an empty cup. Take care of yourself first.",
                "You owe yourself the love you so freely give others.",
                "Self-compassion is simply giving the same kindness to ourselves that we would give to others.",
                "Self-care is giving the world the best of you, not what’s left of you.",
                "You deserve the same care and compassion that you give to others.",
                "Your relationship with yourself sets the tone for every other relationship you have."
            ]
        },
        {
            "tag": "resilience",
            "patterns": [
                "How can I be more resilient?", "I need strength", "I'm facing challenges",
                "How to handle adversity?", "How to bounce back?", "Building resilience",
                "Getting through tough times", "How to stay strong?", "I feel defeated",
                "I need to be stronger", "Overcoming difficulties", "I need encouragement",
                "Life is tough", "How to regain strength?", "I need support",
                "What is resilience?"
            ],
            "responses": [
                "The oak fought the wind and was broken, the willow bent when it must and survived.",
                "Resilience is knowing that you are the only one that has the power and the responsibility to pick yourself up.",
                "The human capacity for burden is like bamboo – far more flexible than you’d ever believe.",
                "When we are no longer able to change a situation, we are challenged to change ourselves.",
                "Resilience is the ability to face life’s challenges with courage and wisdom.",
                "Sometimes we have to be broken down to be built back up stronger.",
                "Life doesn’t get easier or more forgiving; we get stronger and more resilient.",
                "In the middle of difficulty lies opportunity.",
                "Fall seven times, stand up eight."
            ]
        },
        {
            "tag": "positive_thoughts",
            "patterns": [
                "I feel down","i am unhappy", "I'm struggling with negative thoughts",
                "How can I think positively?", "Help me stay positive",
                "I feel hopeless", "I'm in a bad mood", "Positive mindset tips",
                "Need positive energy", "How to think positive?", "Feeling negative",
                "I'm always pessimistic", "I can't see the bright side", "Help me feel better",
                "I'm stuck in negativity", "What can I do to be positive?",
                "I need a positive outlook"
            ],
            "responses": [
                "Every day may not be good, but there’s something good in every day.",
                "The only limit to our realization of tomorrow is our doubts of today.",
                "Positive thoughts lead to positive results.",
                "Surround yourself with positive people, thoughts, and actions.",
                "Focus on the good and the good gets better.",
                "You are not a drop in the ocean. You are the entire ocean in a drop.",
                "Positivity always wins. Always.",
                "Think positive, be positive, and positive things will happen.",
                "A positive attitude causes a chain reaction of positive thoughts, events, and outcomes."
            ]
        },
        {
            "tag": "gratitude",
            "patterns": [
                "How can I practice gratitude?", "I'm feeling ungrateful",
                "I want to be more grateful", "Help me appreciate life",
                "How to express gratitude?", "I feel entitled", "Gratitude tips",
                "How to be thankful?", "Counting blessings", "How to feel grateful?",
                "What should I be thankful for?", "I need to show appreciation",
                "How to cultivate gratitude?", "I'm taking things for granted",
                "I forget to be thankful", "I want to feel more grateful"
            ],
            "responses": [
                "Gratitude turns what we have into enough.",
                "Gratitude unlocks the fullness of life. It turns denial into acceptance, chaos to order, confusion to clarity.",
                "A grateful heart is a magnet for miracles.",
                "Appreciate what you have before it turns into what you had.",
                "Gratitude makes sense of our past, brings peace for today, and creates a vision for tomorrow.",
                "Wear gratitude like a cloak, and it will feed every corner of your life.",
                "Gratitude is not only the greatest of virtues but the parent of all others.",
                "Gratitude changes everything.",
                "The more you practice gratitude, the more you see how much there is to be grateful for."
            ]
        },
        {
            "tag": "motivation",
            "patterns": [
                "I need motivation", "I'm feeling lazy", "Help me get motivated",
                "I need inspiration", "How to get motivated?", "Tips for motivation",
                "Boost my drive", "I'm feeling unmotivated", "I lack ambition",
                "How to find purpose?", "I need a push", "I can't seem to start",
                "How to overcome procrastination?", "I'm struggling to stay focused",
                "I need goals", "What motivates people?"
            ],
            "responses": [
                "The best way to get started is to quit talking and begin doing.",
                "Motivation is what gets you started. Habit is what keeps you going.",
                "Your limitation—it’s only your imagination.",
                "Push yourself because no one else is going to do it for you.",
                "Great things never come from comfort zones.",
                "Dream it. Wish it. Do it.",
                "Success doesn’t just find you. You have to go out and get it.",
                "The harder you work for something, the greater you’ll feel when you achieve it.",
                "Don’t stop when you’re tired. Stop when you’re done."
            ]
        },
        {
            "tag": "confidence",
            "patterns": [
                "I lack confidence", "Help me boost my confidence",
                "I'm feeling insecure", "How to be more confident?",
                "I want to believe in myself", "Tips for self-confidence",
                "I doubt myself", "I need to feel empowered", "Building self-esteem",
                "How to overcome insecurity?", "Confidence tips", "I'm afraid to try",
                "I need to take risks", "How to stop comparing myself to others?",
                "What can I do to feel more confident?", "Help me be brave"
            ],
            "responses": [
                "Believe you can and you’re halfway there.",
                "Self-confidence is the first requisite to great undertakings.",
                "You are braver than you believe, stronger than you seem, and smarter than you think.",
                "Confidence comes from discipline and training.",
                "The most beautiful thing you can wear is confidence.",
                "Confidence is not ‘they will like me.’ Confidence is ‘I’ll be fine if they don’t.’",
                "Your value doesn’t decrease based on someone’s inability to see your worth.",
                "The way to develop self-confidence is to do the thing you fear and get a record of successful experiences behind you.",
                "With confidence, you have won before you have started."
            ]
        },
        {
            "tag": "forgiveness",
            "patterns": [
                "I need to forgive myself", "How do I forgive someone?",
                "I'm struggling to forgive", "Help me with forgiveness",
                "Why is forgiveness important?", "How to let go of grudges?",
                "I feel resentful", "How can I move on?", "Forgiveness tips",
                "I can't forgive myself", "Overcoming resentment", "I want to forgive",
                "What does it mean to forgive?", "Help me let go", "Forgiveness advice",
                "How to heal through forgiveness?"
            ],
            "responses": [
                "Forgiveness is not an occasional act; it is a constant attitude.",
                "The weak can never forgive. Forgiveness is the attribute of the strong.",
                "Forgiveness liberates the soul. It removes fear. That is why it is such a powerful weapon.",
                "To err is human; to forgive, divine.",
                "Forgiveness is the key to peace and happiness.",
                "When you forgive, you heal. When you let go, you grow.",
                "Holding onto anger is like drinking poison and expecting the other person to die.",
                "Forgiveness does not change the past, but it does enlarge the future.",
                "The greatest gift you can give yourself is a little bit of your own attention."
            ]
        },{
            "tag": "bye",
            "patterns": [
                "Bye", "Goodbye", "See you","byeeee","byeeeeeeee","goodbyeee", "Catch you later", "Take care",
                "See you soon", "Later", "See you around", "Peace out", "Farewell",
                "I'm off", "Heading out", "Till next time", "Have a good day", "So long",
                "I'm leaving", "Take it easy", "Adios", "I'm out of here", "Good night"
            ],
            "responses": [
                "Goodbye! Wishing you peace and positivity until we meet again.",
                "Take care! Remember to be kind to yourself.",
                "See you next time! May your days be filled with joy.",
                "Farewell! Let every step you take bring you closer to happiness.",
                "Catch you later! Until then, stay motivated and keep shining!",
                "So long! May peace accompany you until we talk again.",
                "Goodbye! Always remember: you are stronger than you think.",
                "Take it easy! We'll chat again soon.",
                "Farewell! Remember to keep the positive energy flowing."
            ]
        }
    ]
}
